{
    "inputs": [
        {
            "Index": [
                1,
                1,
                0,
                0,
                0
            ],
            "Label": [
                16.8973559126,
                5.5548729596,
                46.1810010826,
                44.3117586448,
                34.6334526911
            ],
            "Value1": [
                2.6933495054,
                2.7777687995,
                3.1611961917,
                3.3458963222,
                3.6429838715
            ],
            "Value2": [
                1.0,
                1.0,
                0.0,
                0.0,
                0.0
            ],
            "Class": [
                1.0,
                1.0,
                0.0,
                0.0,
                0.0
            ]
        },
        {
            "Index": [
                0,
                1,
                1,
                0,
                1
            ],
            "Label": [
                10.0,
                20.0,
                30.0,
                40.0,
                50.0
            ],
            "Value1": [
                1.0,
                2.0,
                3.0,
                4.0,
                5.0
            ],
            "Value2": [
                0.5,
                1.5,
                2.5,
                3.5,
                4.5
            ],
            "Class": [
                0.0,
                1.0,
                1.0,
                0.0,
                1.0
            ]
        },
        {
            "Index": [
                1,
                0,
                1,
                0,
                1
            ],
            "Label": [
                15.0,
                25.0,
                35.0,
                45.0,
                55.0
            ],
            "Value1": [
                1.5,
                2.5,
                3.5,
                4.5,
                5.5
            ],
            "Value2": [
                1.2,
                2.3,
                3.4,
                4.5,
                5.6
            ],
            "Class": [
                1.0,
                0.0,
                1.0,
                0.0,
                1.0
            ]
        },
        {
            "Index": [
                0,
                0,
                0,
                0,
                0
            ],
            "Label": [
                10.0,
                20.0,
                30.0,
                40.0,
                50.0
            ],
            "Value1": [
                1.0,
                2.0,
                3.0,
                4.0,
                5.0
            ],
            "Value2": [
                0.1,
                0.2,
                0.3,
                0.4,
                0.5
            ],
            "Class": [
                0.0,
                0.0,
                0.0,
                0.0,
                0.0
            ]
        },
        {
            "Index": [
                1,
                1,
                1,
                1,
                1
            ],
            "Label": [
                10.0,
                20.0,
                30.0,
                40.0,
                50.0
            ],
            "Value1": [
                1.0,
                2.0,
                3.0,
                4.0,
                5.0
            ],
            "Value2": [
                0.1,
                0.2,
                0.3,
                0.4,
                0.5
            ],
            "Class": [
                1.0,
                1.0,
                1.0,
                1.0,
                1.0
            ]
        }
    ],
    "outputs": [
        [
            11.2261144361,
            3.3824001357,
            2,
            46.1810010826
        ],
        [
            3.0,
            0.0,
            3,
            50.0
        ],
        [
            3.8333333333,
            1.4662878299,
            3,
            55.0
        ],
        [
            3.0,
            0.2,
            0,
            5.0
        ],
        [
            3.0,
            0.2,
            5,
            5.0
        ]
    ]
}